URL,内容,オファー,経路,注文日,件数
https://shizen-labo.jp/lp/EHKL/,FO_Google一般,まるっと超熟生酵素 チャレンジコース 初回540円 縛りなし,PCフォーム,2019-06-03,1
https://shizen-labo.jp/lp/EHKL/,FO_Google一般,まるっと超熟生酵素 チャレンジコース 初回540円 縛りなし,PCフォーム,2019-06-11,1
https://shizen-labo.jp/lp/EHKL/,FO_Google一般,まるっと超熟生酵素 チャレンジコース 初回540円 縛りなし,PCフォーム,2019-06-15,2
https://shizen-labo.jp/lp/EHKL/,FO_Google一般,まるっと超熟生酵素 チャレンジコース 初回540円 縛りなし,PCフォーム,2019-06-16,1
https://shizen-labo.jp/lp/HCVK/,FO_Google一般_ピンクver,ビセラ トクトクコース 初回500円 4回縛り,PCフォーム,2019-06-01,4
https://shizen-labo.jp/lp/HCVK/,FO_Google一般_ピンクver,ビセラ トクトクコース 初回500円 4回縛り,PCフォーム,2019-06-02,3
https://shizen-labo.jp/lp/HCVK/,FO_Google一般_ピンクver,ビセラ トクトクコース 初回500円 4回縛り,PCフォーム,2019-06-04,1
https://shizen-labo.jp/lp/HCVK/,FO_Google一般_ピンクver,ビセラ トクトクコース 初回500円 4回縛り,PCフォーム,2019-06-05,2
https://shizen-labo.jp/lp/HCVK/,FO_Google一般_ピンクver,ビセラ トクトクコース 初回500円 4回縛り,PCフォーム,2019-06-08,2
https://shizen-labo.jp/lp/HCVK/,FO_Google一般_ピンクver,ビセラ トクトクコース 初回500円 4回縛り,PCフォーム,2019-06-09,1
https://shizen-labo.jp/lp/HCVK/,FO_Google一般_ピンクver,ビセラ トクトクコース 初回500円 4回縛り,PCフォーム,2019-06-10,1
https://shizen-labo.jp/lp/HCVK/,FO_Google一般_ピンクver,ビセラ トクトクコース 初回500円 4回縛り,PCフォーム,2019-06-11,1
https://shizen-labo.jp/lp/HCVK/,FO_Google一般_ピンクver,ビセラ トクトクコース 初回500円 4回縛り,PCフォーム,2019-06-13,1
https://shizen-labo.jp/lp/HCVK/,FO_Google一般_ピンクver,ビセラ トクトクコース 初回500円 4回縛り,PCフォーム,2019-06-14,2
https://shizen-labo.jp/lp/HCVK/,FO_Google一般_ピンクver,ビセラ トクトクコース 初回500円 4回縛り,PCフォーム,2019-06-16,2
https://shizen-labo.jp/lp/HYRL/,FO_YDN,まるっと超熟生酵素 チャレンジコース 初回540円 縛りなし,PCフォーム,2019-06-01,1
https://shizen-labo.jp/lp/HYRL/,FO_YDN,まるっと超熟生酵素 チャレンジコース 初回540円 縛りなし,PCフォーム,2019-06-03,1
https://shizen-labo.jp/lp/HYRL/,FO_YDN,まるっと超熟生酵素 チャレンジコース 初回540円 縛りなし,PCフォーム,2019-06-04,1
https://shizen-labo.jp/lp/HYRL/,FO_YDN,まるっと超熟生酵素 チャレンジコース 初回540円 縛りなし,PCフォーム,2019-06-11,1
https://shizen-labo.jp/lp/HYRL/,FO_YDN,まるっと超熟生酵素 チャレンジコース 初回540円 縛りなし,PCフォーム,2019-06-13,1
https://shizen-labo.jp/lp/HYRL/,FO_YDN,まるっと超熟生酵素 チャレンジコース 初回540円 縛りなし,PCフォーム,2019-06-16,2
https://shizen-labo.jp/lp/HYX4/,FO_YDN_ピンクver,ビセラ トクトクコース 初回500円 4回縛り,PCフォーム,2019-06-02,1
https://shizen-labo.jp/lp/HYX4/,FO_YDN_ピンクver,ビセラ トクトクコース 初回500円 4回縛り,PCフォーム,2019-06-03,1
https://shizen-labo.jp/lp/HYX4/,FO_YDN_ピンクver,ビセラ トクトクコース 初回500円 4回縛り,PCフォーム,2019-06-04,1
https://shizen-labo.jp/lp/HYX4/,FO_YDN_ピンクver,ビセラ トクトクコース 初回500円 4回縛り,PCフォーム,2019-06-05,5
https://shizen-labo.jp/lp/HYX4/,FO_YDN_ピンクver,ビセラ トクトクコース 初回500円 4回縛り,PCフォーム,2019-06-06,3
https://shizen-labo.jp/lp/HYX4/,FO_YDN_ピンクver,ビセラ トクトクコース 初回500円 4回縛り,PCフォーム,2019-06-07,2
https://shizen-labo.jp/lp/HYX4/,FO_YDN_ピンクver,ビセラ トクトクコース 初回500円 4回縛り,PCフォーム,2019-06-08,6
https://shizen-labo.jp/lp/HYX4/,FO_YDN_ピンクver,ビセラ トクトクコース 初回500円 4回縛り,PCフォーム,2019-06-09,10
https://shizen-labo.jp/lp/HYX4/,FO_YDN_ピンクver,ビセラ トクトクコース 初回500円 4回縛り,PCフォーム,2019-06-10,5
https://shizen-labo.jp/lp/HYX4/,FO_YDN_ピンクver,ビセラ トクトクコース 初回500円 4回縛り,PCフォーム,2019-06-11,6
https://shizen-labo.jp/lp/HYX4/,FO_YDN_ピンクver,ビセラ トクトクコース 初回500円 4回縛り,PCフォーム,2019-06-12,3
https://shizen-labo.jp/lp/HYX4/,FO_YDN_ピンクver,ビセラ トクトクコース 初回500円 4回縛り,PCフォーム,2019-06-13,3
https://shizen-labo.jp/lp/HYX4/,FO_YDN_ピンクver,ビセラ トクトクコース 初回500円 4回縛り,PCフォーム,2019-06-14,2
https://shizen-labo.jp/lp/HYX4/,FO_YDN_ピンクver,ビセラ トクトクコース 初回500円 4回縛り,PCフォーム,2019-06-15,1
https://shizen-labo.jp/lp/HYX4/,FO_YDN_ピンクver,ビセラ トクトクコース 初回500円 4回縛り,PCフォーム,2019-06-16,5
https://shizen-labo.jp/lp/U6AX/,FO_Yahoo!一般_通常ver,和麹づくしの雑穀生酵素 チャレンジコース 初回500円 縛りなし,PCフォーム,2019-06-01,10
https://shizen-labo.jp/lp/U6AX/,FO_Yahoo!一般_通常ver,和麹づくしの雑穀生酵素 チャレンジコース 初回500円 縛りなし,PCフォーム,2019-06-02,8
https://shizen-labo.jp/lp/U6AX/,FO_Yahoo!一般_通常ver,和麹づくしの雑穀生酵素 チャレンジコース 初回500円 縛りなし,PCフォーム,2019-06-03,13
https://shizen-labo.jp/lp/U6AX/,FO_Yahoo!一般_通常ver,和麹づくしの雑穀生酵素 チャレンジコース 初回500円 縛りなし,PCフォーム,2019-06-04,7
https://shizen-labo.jp/lp/U6AX/,FO_Yahoo!一般_通常ver,和麹づくしの雑穀生酵素 チャレンジコース 初回500円 縛りなし,PCフォーム,2019-06-05,6
https://shizen-labo.jp/lp/U6AX/,FO_Yahoo!一般_通常ver,和麹づくしの雑穀生酵素 チャレンジコース 初回500円 縛りなし,PCフォーム,2019-06-06,9
https://shizen-labo.jp/lp/U6AX/,FO_Yahoo!一般_通常ver,和麹づくしの雑穀生酵素 チャレンジコース 初回500円 縛りなし,PCフォーム,2019-06-07,4
https://shizen-labo.jp/lp/U6AX/,FO_Yahoo!一般_通常ver,和麹づくしの雑穀生酵素 チャレンジコース 初回500円 縛りなし,PCフォーム,2019-06-08,6
https://shizen-labo.jp/lp/U6AX/,FO_Yahoo!一般_通常ver,和麹づくしの雑穀生酵素 チャレンジコース 初回500円 縛りなし,PCフォーム,2019-06-09,5
https://shizen-labo.jp/lp/U6AX/,FO_Yahoo!一般_通常ver,和麹づくしの雑穀生酵素 チャレンジコース 初回500円 縛りなし,PCフォーム,2019-06-10,5
https://shizen-labo.jp/lp/U6AX/,FO_Yahoo!一般_通常ver,和麹づくしの雑穀生酵素 チャレンジコース 初回500円 縛りなし,PCフォーム,2019-06-11,3
https://shizen-labo.jp/lp/U6AX/,FO_Yahoo!一般_通常ver,和麹づくしの雑穀生酵素 チャレンジコース 初回500円 縛りなし,PCフォーム,2019-06-12,6
https://shizen-labo.jp/lp/U6AX/,FO_Yahoo!一般_通常ver,和麹づくしの雑穀生酵素 チャレンジコース 初回500円 縛りなし,PCフォーム,2019-06-13,8
https://shizen-labo.jp/lp/U6AX/,FO_Yahoo!一般_通常ver,和麹づくしの雑穀生酵素 チャレンジコース 初回500円 縛りなし,PCフォーム,2019-06-14,5
https://shizen-labo.jp/lp/U6AX/,FO_Yahoo!一般_通常ver,和麹づくしの雑穀生酵素 チャレンジコース 初回500円 縛りなし,PCフォーム,2019-06-15,11
https://shizen-labo.jp/lp/U6AX/,FO_Yahoo!一般_通常ver,和麹づくしの雑穀生酵素 チャレンジコース 初回500円 縛りなし,PCフォーム,2019-06-16,9
https://shizen-labo.jp/lp/UAHV/,FO_Google一般_通常ver,和麹づくしの雑穀生酵素 チャレンジコース 初回500円 縛りなし,PCフォーム,2019-06-02,1
https://shizen-labo.jp/lp/UAHV/,FO_Google一般_通常ver,和麹づくしの雑穀生酵素 チャレンジコース 初回500円 縛りなし,PCフォーム,2019-06-03,2
https://shizen-labo.jp/lp/UAHV/,FO_Google一般_通常ver,和麹づくしの雑穀生酵素 チャレンジコース 初回500円 縛りなし,PCフォーム,2019-06-04,1
https://shizen-labo.jp/lp/UAHV/,FO_Google一般_通常ver,和麹づくしの雑穀生酵素 チャレンジコース 初回500円 縛りなし,PCフォーム,2019-06-05,1
https://shizen-labo.jp/lp/UAHV/,FO_Google一般_通常ver,和麹づくしの雑穀生酵素 チャレンジコース 初回500円 縛りなし,PCフォーム,2019-06-06,1
https://shizen-labo.jp/lp/UAHV/,FO_Google一般_通常ver,和麹づくしの雑穀生酵素 チャレンジコース 初回500円 縛りなし,PCフォーム,2019-06-08,2
https://shizen-labo.jp/lp/UAHV/,FO_Google一般_通常ver,和麹づくしの雑穀生酵素 チャレンジコース 初回500円 縛りなし,PCフォーム,2019-06-10,1
https://shizen-labo.jp/lp/UAHV/,FO_Google一般_通常ver,和麹づくしの雑穀生酵素 チャレンジコース 初回500円 縛りなし,PCフォーム,2019-06-12,2
https://shizen-labo.jp/lp/UAHV/,FO_Google一般_通常ver,和麹づくしの雑穀生酵素 チャレンジコース 初回500円 縛りなし,PCフォーム,2019-06-14,2
https://shizen-labo.jp/lp/UAHV/,FO_Google一般_通常ver,和麹づくしの雑穀生酵素 チャレンジコース 初回500円 縛りなし,PCフォーム,2019-06-15,4
https://shizen-labo.jp/lp/UAHV/,FO_Google一般_通常ver,和麹づくしの雑穀生酵素 チャレンジコース 初回500円 縛りなし,PCフォーム,2019-06-16,1
https://shizen-labo.jp/lp/UAWE/,FO_YDN_通常ver,和麹づくしの雑穀生酵素 チャレンジコース 初回500円 縛りなし,PCフォーム,2019-06-01,1
https://shizen-labo.jp/lp/UAWE/,FO_YDN_通常ver,和麹づくしの雑穀生酵素 チャレンジコース 初回500円 縛りなし,PCフォーム,2019-06-02,1
https://shizen-labo.jp/lp/UAWE/,FO_YDN_通常ver,和麹づくしの雑穀生酵素 チャレンジコース 初回500円 縛りなし,PCフォーム,2019-06-03,1
https://shizen-labo.jp/lp/UAWE/,FO_YDN_通常ver,和麹づくしの雑穀生酵素 チャレンジコース 初回500円 縛りなし,PCフォーム,2019-06-04,2
https://shizen-labo.jp/lp/UAWE/,FO_YDN_通常ver,和麹づくしの雑穀生酵素 チャレンジコース 初回500円 縛りなし,PCフォーム,2019-06-05,1
https://shizen-labo.jp/lp/UAWE/,FO_YDN_通常ver,和麹づくしの雑穀生酵素 チャレンジコース 初回500円 縛りなし,PCフォーム,2019-06-07,1
https://shizen-labo.jp/lp/UAWE/,FO_YDN_通常ver,和麹づくしの雑穀生酵素 チャレンジコース 初回500円 縛りなし,PCフォーム,2019-06-08,1
https://shizen-labo.jp/lp/UAWE/,FO_YDN_通常ver,和麹づくしの雑穀生酵素 チャレンジコース 初回500円 縛りなし,PCフォーム,2019-06-09,2
https://shizen-labo.jp/lp/UAWE/,FO_YDN_通常ver,和麹づくしの雑穀生酵素 チャレンジコース 初回500円 縛りなし,PCフォーム,2019-06-13,1
https://shizen-labo.jp/lp/UAWE/,FO_YDN_通常ver,和麹づくしの雑穀生酵素 チャレンジコース 初回500円 縛りなし,PCフォーム,2019-06-14,2
https://shizen-labo.jp/lp/UAWE/,FO_YDN_通常ver,和麹づくしの雑穀生酵素 チャレンジコース 初回500円 縛りなし,PCフォーム,2019-06-15,4
https://shizen-labo.jp/lp/UAWE/,FO_YDN_通常ver,和麹づくしの雑穀生酵素 チャレンジコース 初回500円 縛りなし,PCフォーム,2019-06-16,1
